folks,said,daikon,paste,treat,cytokine,storm,pfizerbiontech,https,t.co,xehhimg1kf,
world,wrong,side,history,year,hopefully,biggest,vaccination,effort,ev,https,t.co,dlchrzjkhm,
coronavirus,sputnikv,astrazeneca,pfizerbiontech,moderna,covid_19,russian,vaccine,created,last,2,4,years,https,t.co,ieylckbr8p,
facts,immutable,senator,even,ethically,sturdy,enough,acknowledge,1,born,https,t.co,jqgv18kch4,
explain,need,vaccine,borisjohnson,matthancock,whereareallthesickpeople,pfizerbiontech,https,t.co,kxbsrobehq,
anyone,useful,advice,guidance,whether,covid,vaccine,safe,whilst,breastfeeding,https,t.co,eifsyqoekn,
bit,sad,claim,fame,success,vaccination,patriotic,competition,usa,canada,uk,https,t.co,ifmraygytp,
many,bright,days,2020,best,1,bidenharris,winning,election2020,https,t.co,77u4f8xxfx,
covid,vaccine,getting,covidvaccine,covid19,pfizerbiontech,moderna,
covidvaccine,states,start,getting,covid19vaccine,monday,us,says,pakustv,nyc,healthcare,globalgoals,https,t.co,mksovbvs5w,
deaths,closing,300,000,mark,millions,people,wait,pfizerbiontech,vaccine,first,u,https,t.co,uq3a2f7svp,
cnnbrk,covid19,covidvaccine,vaccine,corona,pfizerbiontech,bbcnews,nytimes,bbcnews,best,wishes,us,https,t.co,9xwmfu3lzj,
agency,also,released,new,information,health,care,providers,patients,us,shipped,millions,d,https,t.co,sg6btd7jd9,
women,healthcare,providers,asking,safety,pfizerbiontech,https,t.co,ow0pglkwte,
expect,145,sites,across,states,receive,vaccine,monday,another,425,sites,tuesday,said,offic,https,t.co,hiuvyjzoby,
trump,announces,vaccine,rollout,less,24,hours,first,americans,vaccinated,https,t.co,2fzqsmnhoy,
updated,yellowfever,amp,covid19,immunitypassports,part,two,sarscov2,pfizerbiontech,britain,december,https,t.co,qkt7rst9aw,
coronavirus,iran,reports,8,201,new,cases,221,deaths,last,24,hours,iran,coronavirus,pfizerbiontech,https,t.co,mwdnadmb7f,
pfizer,rake,billions,expensive,covidvaccine,albertbourla,refuses,cut,price,lowe,https,t.co,ec94w3tul0,
trump,administration,failed,deliver,vaccine,promises,shocker,covidiots,coronavirus,covidvaccine,https,t.co,hew6ehturd,
much,fda,get,paid,approve,sudden,now,money,makes,world,go,around,vaccine,https,t.co,gt9qvvnbkj,
anyone,wondering,day,pfizerbiontech,approval,uk,people,getting,vaccinated,tol,https,t.co,tpsyl9cuye,
trump,announces,vaccine,rollout,less,24,hours,first,americans,vaccinated,https,t.co,p9esxr3zps,
us,food,drug,administration,fda,granted,emergency,use,authorization,pfizer,biontech's,mrna,https,t.co,dplokxgtba,
presenting,top,medical,news,advancement,past,week,want,miss,docnosofficial,covid19,https,t.co,qod5tplyva,
1,2,done,thankyounhs,nhsuk,mhragovuk,pfizerbiontech,pfizer,making,covidvaccine,dream,poss,https,t.co,3kvj7up432,
wear,mask,wash,hands,remain,socially,distant,possible,stayhome,stayathome,stayathomesavelives,https,t.co,jrlrg6bm0w,
avgerinosmoscow⁩,pfizerbiontech,fda,approval,apprentice,style,realdonaldtrump⁩,approve,vaccine,https,t.co,f64cop5dv6,
interesting,detailed,article,showing,well,tested,supplychain,sharedvisibility,help,d,https,t.co,yt3vn67mvg,
vaccine,trumpvaccine,astrazeneca,pfizerbiontech,pfizervaccine,pfizercovidvaccine,pfizer's,covid,19,belong,https,t.co,ldxqhn6uix,
zubymusic,6,deaths,far,death,nothing,worry,covidvaccines,pfizervaccine,https,t.co,hkgtdm5j3f,
sbnumb3,nytimes,please,don’t,spread,fake,news,evidence,cases,linked,https,t.co,bmcahipr5g,
icymi,fda,authorized,pfizerbiontech,covid19,vaccine,united,states,last,night,https,t.co,ctygb3fnne,
respect,due,process,give,approval,now,instead,29th,december,surely,multiple,cou,https,t.co,xv0srv1ukw,
vaccine,anyone,covid,pfizervaccine,pfizerbiontech,https,t.co,b9zkwnlikx,
immigrant,muslim,couple,find,covid,19,vaccine,covidvaccine,pfizerbiontech,pfizervaccine,pfizerproud,
fda,finally,issues,eua,now,comes,problem,transporting,pfizerbiontech,vaccine,needs,kept,https,t.co,nvagyoo2yd,
ladies,gentlemen,now,covidvaccine,experts,every,household,pakistan,pfizerbiontech,oxfordvaccine,
fact,sheet,healthcare,providers,administering,vaccine,pfizerbiontech,covidvaccine,https,t.co,xraoiaczsd,
mirekr9,sputnikvaccine,astrazeneca,check,table,23,tables,took,penny,w,https,t.co,5r6ibs8jm8,
mirekr9,sputnikvaccine,astrazeneca,one,side,effects,pfizerbiontech,https,t.co,iwelaatamd,
fact,sheet,recipients,caregivers,pfizerbiontech,covidvaccine,https,t.co,v0mn08vtwj,
covidvaccine,pfizer,biontech,covid,19,pfizerbiontech,covid19,capetown,https,t.co,ucpwv0s4nl,
trump,announces,vaccine,rollout,less,24,hours,first,americans,vaccinated,https,t.co,6379szjnqi,
fda,authorizes,pfizerbiontech,coronavirus,vaccine,emergency,use,https,t.co,vz6bdpbbpg,
covidvaccine,poisons,enough,left,side,effects,like,bellspalsy,flocking,https,t.co,mgnvf2xt8i,
realdonaldtrump,dairy,dose,dumbsville,donthecon,grifterinchief,trumpforprison,trumpcrimefamily,covid,https,t.co,gyicvtumop,
us,fda,approved,two,coronavirus,vaccines,pfizerbiontech,amp,moderna,200,vaccines,develo,https,t.co,6lbojqt9mn,
ema_news,gets,set,approve,pfizerbiontech,vaccine,roll,preparations,pick,pace,across,eu,meanwhile,https,t.co,uwiv1sypwg,
covid,19,news,updates,public,questioned,whether,actually,received,shot,video,footage,appeared,show,https,t.co,lbc2pj2b9l,
tragedy,another,life,taken,corporate,greed,evil,pharmaceutical,companies,vaccination,vaccine,https,t.co,1ycshyqpr6,
i’ve,never,excited,get,vaccine,covidvaccine,pfizerbiontech,vaccinessavelives,vaccineswork,https,t.co,tcylgwmuo3,
building,last,week’s,trial,run,extending,vaccination,programme,week,much,effort,going,b,https,t.co,wsaup80afs,
first,covid,19,vaccine,doses,arrived,oregon,watch,morningsonthedove,6am,9am,tomorrow,det,https,t.co,eny64xr7kx,
iran,told,world,health,organization,intend,import,pfizerbiontech,covid,19,vaccine,bec,https,t.co,sjm874mkc7,
concerned,side,effects,pfizerbiontech,covid19,vaccine,check,recap,https,t.co,p6yfrws3fq,
great,feeling,big,thank,healthcare,professionals,scientists,nurses,doctors,caregivers,https,t.co,tr4duvl5ud,
members,teamsters,delivered,first,covid19vaccine,morning,teamsters,ups,covid19,pfizer,https,t.co,ms3n1s9oes,
getting,first,dose,pfizerbiontech,covidvaccine,next,weekend,seeing,unboxing,just,made,r,https,t.co,y6bqj5krfr,
taking,covid,19,vaccine,available,covid19,pfizer,biontech,vaccine,pfizerbiontech,https,t.co,bl7iiceccu,
farandwide,erinotoole,michellerempel,rempel,trudeau,exchange,seen,believed,saw,https,t.co,6fagcnz1bl,
pfizerbiontech,new,york,state,administered,first,non,trial,vaccine,morning,health,care,worker,p,https,t.co,fby1lqlim8,
cpho_canada,pfizerbiontech,female,sterilization,pfizer,untested,liabilities,crimesagainsthumanity,https,t.co,4tivt3jevn,
cpho_canada,key,crushcovid,milestone,achieved,shutting,amp,coverup,pfizerbiontech,untested,l,https,t.co,h5sh5wspqs,
inbox,govparsonmo,says,shipments,pfizerbiontech,vaccine,continue,ship,missouri’s,21,vaccinat,https,t.co,w5xqb5gbw3,
nygovcuomo,cmargaronis,pfizer,ups,pfizerbiontech,germany,based,lets,just,hope,small,numbers,https,t.co,wwk28dhogd,
icu,nurse,sandra,lindsay,said,proud,becoming,one,first,americans,receive,pfizer,https,t.co,5jy1g7whhv,
farandwide,erinotoole,michellerempel,screenshot,2,qp,exchange,unfortunately,hansard,c,https,t.co,e4ivaggplj,
meghanmccain,physician,currently,covid,cried,vaccinessavelives,pfizerbiontech,
dwain_campbell,unfortunately,hansard,capture,aggro,finger,pointing,desk,thumping,https,t.co,rbpkbfgpde,
cdnadvocacy,hallo,unroll,asked,cdnadvocacy,1,uk,nhs,mhra,updated,covidvaccine,clinical,guidel,https,t.co,gpdmc9exwv,
fordnation,odd,verb,choice,doug,hand,observe,welcome,anita,anand,put,https,t.co,mceuwv0ly4,
first,ontarian,vaccinated,just,minutes,later,psw,anita,quidangen,toronto,pfizerbiontech,https,t.co,vx9cisw1kf,
pattyhajdu,take,vaccine,listen,expert,pfizerbiontech,untested,https,t.co,ho7joadriv,
weekend,faa,issued,guidance,pilots,following,use,new,pfizerbiontech,vaccine,https,t.co,xfoccww0wj,
ugursahin,ozlemtureci,muslim,scientists,husband,wife,saving,world,pfizerbiontech,https,t.co,g5zkrnrxmu,
surprised,learn,autoimmune,conditions,otherwise,immunosuppressed,advised,receive,https,t.co,d5c5mbwsvb,
farandwide,erinotoole,erin,o'toole's,hand,picked,health,critic,michellerempel,going,even,https,t.co,355ktkmhgj,
warpspeed,money,go,covid,pioneers,pfizerbiontech,moderna,asking,friend,griftertrump,klan,
pfizerbiontech,vaccine,works,article,made,detailed,explanation,https,t.co,srgchyblk4,covid19,https,t.co,t1nissqttr,
skynews,new,type,vaccine,man,daft,hurts,ears,listening,biggest,question,https,t.co,zhfsh0trol,
thejagmeetsingh,actually,read,global,news,article,jagmeet,tweet,embedded,therein,j,https,t.co,ds1age9lzt,
first,u.s,covid,19,vaccinations,today,thank,everyone,stepping,getting,covidvaccine,https,t.co,madfhhqqhs,
anitaquidangen,personal,support,worker,toronto,became,one,first,people,canada,receive,https,t.co,bgboil12hp,
state,supposed,get,35,100,doses,total,pfizerbiontech,vaccine,week,remained,30,225,https,t.co,c8wzudbput,
orangecounty,get,25k,doses,pfizerbiontech,vaccine,wednesday,dec,15,ochealth,confirms,https,t.co,ma71onzu6w,
breaking,just,ohaoregon,covid19,vaccine,legacy,health,first,registered,covid,19,vaccine,https,t.co,buntxdgqzz,
asifintoronto,ctvqp,ruh,roh,anita,also,saw,heard,michelle,rempel,suggest,qp,house,https,t.co,kdh4qirr4t,
kfdm’s,fox,4,s,thepaigereport1,baptist,hospital,getting,first,hand,look,pfizer,covid,19,vacci,https,t.co,apcqxd5wia,
canadian,pm,justin,trudeau,announced,arrival,first,vaccine,vials,country,biontech,pfizerbiontech,
privileged,offered,pfizerbiontech,vaccine,encourage,everyone,take,it’ll,help,protect,peo,https,t.co,gsuaz6f5yt,
one,first,vaccines,receivers,us,momentous,science,hope,arrived,covid19,covidvaccine,https,t.co,r3837e9sws,
half,way,covid19,covidvaccine,vaccination,pfizervaccine,pfizerbiontech,https,t.co,fqosdagowd,
can’t,wait,take,kids,towards,herd,immunity,vaccines,pfizerbiontech,https,t.co,iittbugeno,
toronto,receive,ontario's,1st,doses,pfizer,covid,19,vaccine,today,https,t.co,tt7qxcqqdy,ontario,https,t.co,vacmdknwav,
good,news,first,doses,pfizerbiontech,vaccine,arrived,california,last,night,gov,gav,https,t.co,cb3p7civgw,
pandemic,pcrgate,condemic,billgatesisnotadoctor,pfizerbiontech,moderna,astrazeneca,https,t.co,4i7rhvi5es,
make,vaccine,companies,liable,pfizerbiontech,pfizer,johnsonandtoxin,vaccinesarepoison,https,t.co,gjc3bmyrkm,
fda,authorizes,emergency,use,pfizer,vaccine,https,t.co,fqjize0aqy,pfe,pfizer,pfizervaccine,https,t.co,xvd26pxmki,
katejulien,theresalubowitz,supervising,i’m,torn,politicians,going,first,ish,show,important,https,t.co,miwzqf1p6y,
pfizerbiontech,just,wondering,every,pfizer,employee,way,boardroom,vaccinated,yet,
last,night,first,covid19vaccines,arrived,canada,speak,first,vaccines,admin,https,t.co,txscwyc58j,
happy,cold,chain,day,way,get,vaccine,distributed,across,county,coldchain,pfizerbiontech,industrial,cre,
received,first,dose,covidvaccine,pfizerbiontech,today,feel,privileged,amp,lucky,p,https,t.co,1fnuubzseu,
several,countries,including,us,uk,now,approving,use,pfizerbiontech's,covid19vaccine,https,t.co,yaelvc1xmd,
hospital,work,received,vaccine,iv,room,made,first,five,doses,given,state,https,t.co,thiwmslq9j,
last,night,anitaoakville,welcomed,first,30k,doses,pfizerbiontech,vaccine,although,l,https,t.co,vnyhvs90su,
historical,moment,firstdose,pfizerbiontech,covid_19,vaccine,administered,upmc,upmchealthbeat,pitt,https,t.co,lyoakrwwnx,
breakingnews,nurse,new,york,city,monday,became,first,person,united,states,receive,corona,https,t.co,02mu5hkys5,
update,nurse,new,york,city,monday,became,first,person,united,states,receive,coronavirus,https,t.co,n4j8xoruzo,
new,methodistdallas,received,first,shipment,pfizerbiontech's,covid19,vaccine,front,line,healthcare,https,t.co,ox3bou8ana,
it’s,kind,surreal,vaccine,dropping,today,pfizerbiontech,
coronavirus,vaccine,ships,today,expect,hospitals,overwhelmed,nine,months,baby,deliveries,https,t.co,cihipkod0i,
per,cdc,persons,hiv,immunocompromising,conditions,may,still,receive,covid,19,vaccine,unless,https,t.co,vjgkyxb8il,
realdonaldtrump,graveling,feet,someone,killed,290k,usa,appreciate,scientist,https,t.co,dmlto98qdq,
science,everywhere,results,entire,world,approve,vaccine,one,country,https,t.co,yfcj0ytzhq,
president,trump,says,first,pfizerbiontech,covid19,vaccine,united,states,administered,https,t.co,c4aibxnrmz,
1st,doses,pfizerbiontech's,covid19,vaccine,arrive,canada,helloryanjones,https,t.co,g97stutapk,https,t.co,mdx5eon2n3,
ups,fedex,transport,initial,pfizerbiontech,covid19vaccine,doses,ups,fdx,https,t.co,78l2x40fpl,
new,vaccination,campaign,begins,today,quebec,residents,maimonides,among,first,seniors,https,t.co,kjqv5nbpq9,
kudos,ups,ups,announced,13th,involvement,amp,full,support,distribution,efforts,pfizerbiontech's,https,t.co,pbqgkmnvtz,
tuna,fish,covid19,vaccine,container,freezers,used,ship,seafood,given,new,role,https,t.co,gzedpmk8fn,
end,sight,many,coworkers,getting,first,doses,pfizerbiontech,covidvaccine,https,t.co,znuexwudiz,
pfizer,received,emergency,use,authorization,food,drug,administration,covid,19,vaccine,develope,https,t.co,bd8vroarpk,
thank,thank,thank,scientists,worked,development,vaccine,covid,19,t,https,t.co,gqib0endth,
well,done,usa,pfizerbiontech,pfizervaccine,covid19,https,t.co,ir68dndgrs,
sunday,evening’s,shipment,first,initial,30,000,doses,pfizer,vaccine,spread,across,14,dist,https,t.co,thtxobui11,
watch,shipments,initial,doses,covid,19,vaccines,arrived,selected,ports,entry,canada,sunday,https,t.co,d3koiem6vu,
singapore,approves,pfizer,covid19,vaccine,first,shipment,expected,end,december,says,pm,lee,hsien,loong,https,t.co,kkamvtf4tw,
lipids,used,lipid,nanoparticle,used,mrna,biontech,pfizer,pfizerbiontech,covidvaccine,t,https,t.co,0zmnpzzxje,
canada,begin,pfizerbiontech,covid19vaccine,roll,https,t.co,gfunffpzf1,
approvals,pfizerbiontech,vaccine,singapore,approves,pfizer,covidvaccine,expects,first,shots,decemb,https,t.co,fxyyehxqtf,
first,pfizer,coronavirus,vaccine,doses,set,arrive,hospitals,https,t.co,dyaxnptr0l,pfizerbiontech,https,t.co,8lcrwwpbxv,
vaccinated,1.1,million,new,cases,confirmed,past,week,death,toll,306,00,https,t.co,glvvfgekei,
us,health,care,workers,amp,vulnerable,receive,pfizer,biontech,shots,trucks,sunday,began,shipping,milli,https,t.co,4aagdxqvsu,
sammwittings,oh,great,thought,wouldnt,able,see,xmas,btw,heard,radio,shropsh,https,t.co,dweypmxczn,
pfizerbiontech's,covid19,vaccines,making,way,distributions,sites,nationwide,fedex,says,https,t.co,cm5ywbod55,
us,set,start,covid19,vaccination,drive,doses,pfizerbiontech,vaccine,ready,https,t.co,iclqaqebbu,
singapore,became,monday,first,asian,country,approve,pfizerbiontech's,coronavirusvaccine,said,ex,https,t.co,f6twam3nro,
singapore,approves,pfizer,vaccine,becomes,first,south,east,asian,country,approve,vaccine,doses,gi,https,t.co,xbs7pr0gu4,
pfizerbiontech,covid,19,vaccine,distributed,electoralcollege,formally,casts,votes,today,detroitlions,los,https,t.co,steopo9yee,
billgates,caught,video,admitting,covidvaccine,change,dna,forever,https,t.co,ppzagwlypu,via,https,t.co,wbjh3lpsth,
singapore,approves,pfizerbiontech,virusvaccine,https,t.co,9vjlxmrgyw,pandemic,
excited,tomorrow,honoured,part,exciting,team,administering,primary,care,covid_19,https,t.co,gwdtdmgof0,
ludovicotodini,taxistalobbyst,caught,video,admitting,covidvaccine,change,dna,forever,https,t.co,agm4dzsyjt,
get,vaccine,yet,https,t.co,kuiweyz7yv,via,youtube,vaccine,maskup,pfizer,pfizervaccine,pfizerbiontech,
canada,begin,pfizerbiontech,covid19vaccine,roll,https,t.co,szkfqlldpn,pandemic,
singapore,approves,pfizerbiontech,covid,19,vaccine,first,shipment,expected,end,december,coronavirus,https,t.co,37y6frnfzx,
gopchairwoman,gop,realdonaldtrump,pfizerbiontech,thank,drsahin,amp,team,https,t.co,edzmsp6kvc,
u.s,expects,immunized,100,million,covid,19,end,march,slaoui,https,t.co,810e0odl2i,https,t.co,gqsj67k95p,
singapore's,plan,tackle,covid19,really,effective,early,pandemic,1,bn,set,aside,fo,https,t.co,awi7cps81b,
singapore,approves,pfizer,biontech_group,vaccine,local,use,vaccine,safe,use,people,aged,16,https,t.co,we7ap3vnag,
phase,3,begins,dec,28,pfizerbiontech,vaccine,first,arrive,singapore,end,dec,shots,free,https,t.co,wffjjkr15v,
realdonaldtrump,world,thank,pfizerbiontech,drsahin,amp,team,https,t.co,rbp6ox1lts,
vaccine,mean,i’m,gonna,eventually,wear,proper,bra,agreement,un,https,t.co,rodsrp1mzs,
us,began,shipments,covid19,pfizerbiontech,vaccine,sunday,following,final,cdc,approval,pandemic,far,https,t.co,awdk69gkjb,
true,question,scientists,many,vaccines,pfizerbiontech,vaccine,needs,given,2,shots,https,t.co,c9e1q1mhj9,
first,million,pfizerbiontech,vaccines,arrived,us,last,minute,emergencyauthorization,https,t.co,lkgarogitg,
donaldtrump,mikepence,offered,recently,authorized,pfizerbiontech,vaccine,https,t.co,qvbjceily2,
pfizervaccine,unlikely,available,india,mass,distribution,read,find,pfizerbiontech,https,t.co,2ywddnr70w,
us,set,begin,coronavirus,vaccination,drive,today,doses,pfizerbiontech’s,vaccine,set,https,t.co,g0fkva3cxi,
politico,december,13,2020,fda's,hahn,covid,19,vaccine,authorization,based,science,data,https,t.co,nwlfloprxo,
politico,december,13,2020,fda's,hahn,covid,19,vaccine,authorization,based,science,data,https,t.co,u4q5a64rgk,
i’m,due,get,vaccine,tuesday,super,thrilled,pfizer,pfizerbiontech,coronavirusvaccine,
usa,start,vaccination,today,according,latest,figures,maximum,coronavirus,cases,16.7,mil,https,t.co,jdfa1jqvbs,
covid,pfizerbiontech,vaccine,pennsylvania,nursing,homes,pennsylvania,prepare,covid,19,vaccine,distribut,https,t.co,mnwsy2ehpu,
vaccines,save,lives,hopefully,hcw,can,assuage,public,fear,anxiety,regarding,vaccine,can,finally,https,t.co,rxuydyinpz,
1st,doses,pfizerbiontech's,covid19,vaccine,arrive,canada,https,t.co,pyszah8tdk,
politicians,essentialworkers,covid19,pfizerbiontech,covidvaccine,vaccineswork,sciencematters,https,t.co,xyqqzo8qgf,
first,batch,doses,pfizer,biontech’s,covid,19,vaccine,arrived,canada,pm,trudeau,said,twitter,https,t.co,fdv5qsrllr,
usa,start,vaccination,today,according,latest,figures,maximum,coronavirus,cases,16.7,mil,https,t.co,ywv7qfoohc,
good,news,pfizerbiontech,vaccines,arrived,vaccines,like,moderna,astrazeneca,also,coming,https,t.co,e8wxdoutiw,
money,mr,mark,twain,getting,one,first,doses,pfizerbiontech,vaccination,united,states,calnbc,
apt29,aka,cozybear,hacker,group,suspected,hacking,pfizerbiontech,ip,now,federal,agencies,like,u.s,treas,https,t.co,m4docvukov,
pfizer,biontech’s,covid19,vaccine,also,urgently,needed,africa,ghana,nigeria,egypt,southafrica,amp,rest,https,t.co,93g9dkm0pb,
comes,covid_19,pfizerbiontech,https,t.co,ro2isnooou,
realdonaldtrump,might,well,call,100,years,ahead,liarinchief,nothing,pfizercovidvaccine,pfizerbiontech,
pash22,cdcgov,caseymross,interesting,approach,guidance,v,clear,now,person,history,anaph,https,t.co,jblkv7dsat,
pfizer,biontech,covid,19,vaccine,donald,trump,mike,pence,amp,top,us,officials,offered,early,access,newly,https,t.co,aljntribfa,
pfizerbiontech,vaccine,hacked,days,ago,ustreasury,hack,announced,today,https,t.co,y1ybmxoc6g,whol,https,t.co,njbt0gqxpj,
safe,thank,fedex,vaccine,fedex,pfizerbiontech,pfizer,https,t.co,wkmafsculj,
rainartchik,nowhere,near,2030,premature,innoculation,pfizerbiontech,cdnpoli,
harharmahadev,first,batch,doses,pfizer,biontech,vaccines,canada,yay,many,congratulations,https,t.co,jhsk49pkzs,
welcoming,1st,covid19vaccines,tonight,1st,30k,doses,pfizerbiontech,arriving,across,cou,https,t.co,40umur6yoo,
information,pfizer,vaccine,severe,allergies,https,t.co,swfdy3kpoe,covidvaccine,pfizervaccine,pfizerbiontech,
welp,thanks,already,going,quite,planned,pfizerbiontech,covidvaccine,distribution,aren,https,t.co,dr9uqdgwdy,
mt,murray_nyc,five,years,ahead,schedule,it’s,pandemic,pre,determined,schedule,ackno,https,t.co,mlb8s47hzz,
excellent,news,great,president,trump,administration,pushed,get,vaccine,ready,qui,https,t.co,ueepasa7nj,
good,heavens,stupid,reason,even,slow,day,get,dummy,pademics,slither,away,alr,https,t.co,zzeavcdskh,
say,won’t,take,pfizer’s,vaccine,covid,19,read,report,https,t.co,goywkzlkxp,https,t.co,scqrzurhys,
it’s,covid_19,covidvaccine,pfizerbiontech,https,t.co,1e0bcr8lig,
process,definitely,thought,everything,publicity,wise,pfizervaccine,pfizerbiontech,https,t.co,2b84rancge,
turkey’s,coronavirus,death,toll,reaches,16,417,drfahrettinkoca,coronaviruspandemic,turkey,pfizerbiontech,https,t.co,eryk0tz8rs,
case,anyone,interested,link,pfizerbiontech,covid19vaccine,patient,information,t,https,t.co,wgaf4bay2g,
tameemmurtuza,yes,link,patient,education,information,pfizerbiontech,given,https,t.co,nk924h2999,
unitedstates,first,covid19,vaccines,going,cdc,officially,allows,pfizerbiontech,coronavirus,https,t.co,unjn6vfpwt,
infections,worldwide,unitedstates,220,575,brazil,43,279,turkey,30,805,coronavirus,corona,covid_19,https,t.co,jjxqhsjc40,
pfizerbiontech,covid,vaccine,given,green,light,us,https,t.co,lnzvwu5uu4,
kind,america,leave,behind,trump,donaldtrump,joebiden,newyork,washington,whitehouse,https,t.co,kimrj2yjxs,
chesleydohl,audie_murphy45,cspan,trump,claiming,pfizerbiontech,vaccine,one,administrati,https,t.co,cocljkakmt,
go,grateful,among,first,group,vaccinated,healthcare,workers,tampa,fl,covid19,https,t.co,kgyeha1koj,
cdc,acip,released,interim,guidance,use,pfizerbiontech,covid,vaccine,https,t.co,dvao10c7lf,
dr,kathy,lofy,says,vaccine,new,tool,tool,box,says,she’ll,also,get,vaccinated,soon,https,t.co,d55c41pb2m,
advisory,committee,immunization,practices,interim,recommendation,use,pfizer,biontech,covid,19,vaccin,https,t.co,591nshmnky,
turkey’s,coronavirus,death,toll,reaches,16,417,drfahrettinkoca,coronaviruspandemic,turkey,pfizerbiontech,https,t.co,yeivusixxi,
acip,recommended,use,pfizerbiontech,covid19,vaccine,persons,16,years,age,older,https,t.co,jiyvkeokyz,
cdcdirector,redfield,just,signed,recommendation,cdc,panel,recommends,pfizer's,covid19,vaccine,https,t.co,u2sdckztqu,
boxes,containing,first,shipment,pfizer,biontech,covid19,vaccine,prepared,sent,pfizer,https,t.co,pi7yqurw0s,
great,day,country,amp,world,realdonaldtrump,one,day,closer,leaving,whitehouse,first,https,t.co,upxznnhu2n,
answers,questions,covid,vaccination,https,t.co,5pqhg3tbja,vaccine,covid_19,healthcare,health,https,t.co,xa2vxwoca9,
just,watched,capehartj,new,thesundayshow,maria_hinojosa,correctly,stated,two,deaths,among,o,https,t.co,u80yaaw6cx,
pfizerbiontech,pfizercovidvaccine,vaccinerollout,38,days,https,t.co,yo0ycgakx6,
agree,uk,us,vaccinate,technology,pioneered,2,german,one,us,biotechs,us,celebrates,distribution,https,t.co,etzddkbc2e,
realdonaldtrump,varneyco,pfizer,funded,operation,warp,speed,never,supported,mus,https,t.co,byhlqap1fn,
covid,19,vaccination,bit,helping,save,human,race,mega,sore,arm,today,expected,small,pr,https,t.co,uqpdhhkdca,
jeremysale,nytimes,apparently,trucks,escorted,us,marshals,stay,safe,hijacking,o,https,t.co,rtsqzao6r3,
airborne,heading,memphis,pfizerbiontech,covidvaccine,fedex,a306,n669fe,https,t.co,gmmivsc0yw,
newly,approved,vaccine,ccpvirus,start,distributed,us,states,dec,14,according,https,t.co,qmjahvhkom,
yvettedoc50,teamgp,nhsengland,nikkikf,pulsetoday,think,going,seeing,lot,happening,l,https,t.co,noqfaznojc,
tedcruz,know,trumpkins,like,informed,goes,1,pfizerbiontech,vaccine,developed,https,t.co,uplibfjzjh,
canadian,firm,acuitas,heart,pfizerbiontech,vaccine,great,story,ubcprez,ubc,helped,early,wi,https,t.co,jquwqzep4y,
d,day,beginning,end,that’s,today,said,cautioning,still,take,months,https,t.co,cjggkc6d02,
first,trucks,loaded,pfizer’s,coronavirus,shot,pulled,michigan,warehouse,early,sunday,starting,t,https,t.co,ylu62yvpxl,
joebiden,kamalaharris,thanks,bringing,fresh,air,positivity,god’s,hand,pushing,us,forw,https,t.co,j28wauwzob,
pfizer,pfizercovidvaccine,vaccine,vaccination,biontech,pfizerbiontech,moderna,toxic,mrna,https,t.co,ug5o5mya47,
afp,update,pfizerbiontech,covid,19,vaccine,began,leaving,company's,michigan,factory,sunday,set,https,t.co,hwtqe2cdss,
eng,nhs,workers,vaccine,game,changer,hopenews,nhsheroes,bbcnews,vaccine,covid19uk,covid19,https,t.co,so4ssoenrj,
update,pfizerbiontech,covid,19,vaccine,began,leaving,company's,michigan,factory,sunday,set,inje,https,t.co,pzgwbs1xu3,
jojofromjerz,someone,remind,tedcruz,pfizerbiontech,vaccine,developed,us,scienceovermorons,
rival,us,companies,ups,fedex,working,side,side,ship,pfizerbiontech,covid,19,vaccine,https,t.co,mdqkzn1opa,
pfizerbiontech,usa,first,shipment,pfizer,biontech,coronavirus,vaccine,leaves,michigan,facility,
kuwait,authorizes,emergency,use,pfizer,biontech,covid,19,vaccine,covid,news,visit,https,t.co,gjm2tbgtkk,
approval,pfizer,biontech,vaccine,fda,advisory,board,last,minute,news,us,food,drug,administra,https,t.co,ouk7oyx2lg,
happy,relieved,pfizerbiontech,covidvaccine,amazing,work,mhragovuk,nhsuk,since,https,t.co,3irxehhlda,
vaccine,pfizerbiontech,oxford_astrazeneca,bharatbiotech,sputnikv,companies,submitted,applicat,https,t.co,1rqrfvsetu,
us,food,drug,administration,fda,issued,yesterday,first,emergency,use,authorization,pfizer,bion,https,t.co,vqyxdpr38z,
covid,19,vaccination,latest,update,https,t.co,fpp4gyiyui,youtube,youtubecreators,youtubetrends,https,t.co,nbffejk4p8,
10,months,3,weeks,since,first,case,finally,relief,uncle,sam,vaccination,starts,monday,https,t.co,ozn5q01lvh,
first,trucks,filled,pfizer,vaccine,hit,road,pfizerbiontech,
us,says,covid,19,vaccine,start,arriving,states,monday,https,t.co,xa9zxmqpmy,via,10tampabay,pfizervaccine,https,t.co,8ykifaujq7,
interesting,watch,cnn's,newday,live,coverage,loading,pfizerbiontech's,vaccine,pfizer,plant,https,t.co,lijrzzgyag,
vaccines,comin,covid19,coronavirus,vaccine,pfizerbiontech,cnn,msnbc,
global,coronavirus,death,toll,reaches,1,611,637,coronaviruspandemic,worldometers,pfizerbiontech,https,t.co,retf806133,
two,people,united,kingdom,experienced,allergic,reaction,pfizer,biontech,covid,19,vaccine,rea,https,t.co,2lnacaa80r,
petedeveson,anna_down,rcgp,martinrcgp,skynews,gps,struggling,provide,core,services,amp,many,made,di,https,t.co,owi3ss2ohb,
first,shipments,pfizerbiontech,covid_19,vaccine,begin,arriving,us,states,monday,offi,https,t.co,neiwvxsshb,
numbers,likely,get,worse,holidays,vaccine,offering,bright,spot,fight,https,t.co,uvflggelqk,
pfizer,keep,good,work,pfizerbiontech,pfizervaccine,pfizerbiontech,pfizerbiotech,covid19,vaccine,coronavirus,
health,canada,warned,people,allergic,ingredients,pfizerbiontech,covid19,vaccine,https,t.co,skldv5ujfe,
pucking,intend,get,vaccinated,wht,employer,force,get,vaccinated,like,arogya,set,https,t.co,lijmj8e7vk,
ok,might,late,discovering,pfizerbiontech,moderna,covid19,vaccines,led,https,t.co,c9g8xnymmy,
just,hours,authorized,fda,doses,pfizerbiontech,coronavirus,vaccine,packaged,https,t.co,vt3gxp6vao,
fda,advisors,tapped,review,coronavirus,vaccines,received,payments,vaccine,companies,just,pray,th,https,t.co,owtbvnvcmu,
breaking911,dumass,anything,pfizerbiontech,vaccine,bet,w,https,t.co,duc9quivnl,
us,states,start,getting,pfizerbiontech,covid,19,vaccine,monday,kalingatv,pfizervaccine,https,t.co,wv4buz3af3,
corona,pfizer,vaccine,approved,use,us,emergency,basis,pfizervaccine,us,fda,pfizerbiontech,covid19,https,t.co,exwhnswsz5,
ups,fedex,collaborate,ship,pfizer,biontech,covid,19,vaccines,us,https,t.co,snmqxpgocw,ups,fedex,https,t.co,kscwcnb6je,
us,president,donald,trump,announced,vaccine,free,americans,thanked,scienti,https,t.co,hddrnfabnx,
astrazeneca,buy,pharmaceutical,firm,alexion,39,billion,covid19vaccine,pfizer,pfizervaccine,https,t.co,zl6gqivpgw,
health,canada,warned,people,allergic,ingredients,pfizerbiontech,covid19,vaccine,https,t.co,nrxgnpaq9p,
astrazeneca,buy,pharmaceutical,firm,alexion,39,billion,https,t.co,c5r0xadms1,covid19vaccine,pfizer,https,t.co,l99jiyqwbj,
pmjones14,pfizerbiontech,created,vaccine,trump,recommended,bleach,injections,
us,public,start,receiving,pfizer,biontech,coronavirus,vaccine,monday,authorised,https,t.co,lhc75o9o8q,
us,public,start,receiving,pfizer,biontech,coronavirus,vaccine,monday,authorised,https,t.co,tyuu4zsjy1,
pfizer,biontech,covid,19,vaccine,side,effects,canada,warns,allergic,people,pfizer,biontech,coronavirus,vac,https,t.co,4pmewhlln5,
4evernevertrump,tedcruz,hatched,canada,2,pfizerbiontech,vaccine,developed,germany,3,scie,https,t.co,dbmprvzzc0,
tedcruz,hatched,canada,2,pfizerbiontech,vaccine,developed,germany,3,scientists,behind,https,t.co,eacrusqvxg,
tedcruz,stoolpresidente,hatched,canada,2,pfizerbiontech,vaccine,developed,germany,3,scie,https,t.co,qld8juettu,
doses,pfizerbiontech,vaccine,begin,leaving,company's,factory,kalamazoo,michigan,sunday,th,https,t.co,4zlp943yrw,
covid,19,vaccine,update,initial,doses,pfizer,coronavirus,vaccine,us,begin,tomorrow,https,t.co,o4sxk2mpju,
salute,healthcareheroes,risking,life,everyday,taking,care,covid,patients,may,god,give,th,https,t.co,rtfnqm9zcq,
wsj,proving,unproven,time,constraints,always,hardest,great,achievement,pfizer,pfizer,https,t.co,cs2ay4vejt,
canadian,guidance,people,allergies,pfizerbiontech,covidvaccine,since,still,evolv,https,t.co,sjpeajktnu,
pfizervaccine,pfizerbiontech,pfizer,100,transparent,coronavirus,vaccineswork,https,t.co,njtkwpkqrn,
wrong,malaysia,already,pre,ordered,pfizerbiontech,covid19vaccine,expected,2021,plus,part,https,t.co,bbq7tnyyyr,
love,high,quality,infographics,getting,across,multiple,ideas,quickly,excellent,set,fact,https,t.co,xvxyoaf5ot,
pfizerbiontech,covid19vaccines,prepped,shipment,wall,street,journal,https,t.co,6owcqrzvc0,
can,learn,victory,polio,good,refresher,polio,came,end,forget,https,t.co,ygayru4r2k,
big,pharma,best,interests,hold,stock,amp,patients,pfizervaccine,pfizerbiontech,https,t.co,v2prgiplyg,
tv,ad,2030,receive,cv19,vaccine,2020,2021,entitled,financial,compensation,https,t.co,uz0alo88pi,
sflecce,thank,cpho_canada,pattyhajdu,justintrudeau,anitaoakville,getting,approved,prepared,https,t.co,lcxa8ufsul,
https,t.co,gi3yg92w2j,canada,ordered,enough,pfizerbiontech,vaccine,people,https,t.co,lzemq2optr,
pfizervaccine,pfizerbiontech,vaccine,pfizer,100,transparent,coronavirus,https,t.co,cailfzeyeg,
entire,ingredients,pfizervaccine,see,it’s,just,like,bigmac,splash,superpower,fi,https,t.co,smnkthbzrd,
can,stop,wearing,weeks,2nd,pfizerbiontech,vaccine,curious,use,test,get,vac,https,t.co,mni2dyahgd,
pash22,caseymross,guidance,clear,now,person,history,anaphylaxis,vaccine,medicine,o,https,t.co,cdktzwfhj6,
reason,don’t,polio,vaccinated,virus,please,let’s,embrace,covid,vac,https,t.co,spkbkuri06,
say,covid,19,vaccines,vaccine,vaccination,pfizervaccine,covid_19,pfizerbiontech,covidvaccines,https,t.co,sqzd6amhrw,
janey94803852,maureenprsb,still,seems,unclear,can,reconstitute,pfizerbiontech,vials,site,nursing,home,https,t.co,eojybbetqa,
fda,pfizerbiontech,operationwarpspeed,coronavaccine,grateful,covid,corona,fda,approves,pfizer’s,cov,https,t.co,62sbvi8rol,
us,covid19,vaccine,shipments,start,rolling,sunday,https,t.co,bstmmqhtce,via,medscape,operationwarpspeed,https,t.co,y16mrs0fl9,
fda,gives,guidance,allergy,pregnancy,concerns,covid,vaccine,https,t.co,ull8esqkgp,via,medscape,https,t.co,w6ztpd8zaz,
announcement,comes,federal,authorities,granted,pfizer,vaccine,emergency,use,authorization,read,https,t.co,xp6my3jxvd,
unitedstates,federal,aviation,administration,faa,said,saturday,approved,use,https,t.co,xvwuevzzk2,
https,t.co,z3j0nbdubq,us,agency,authorizes,pfizer,biontech,covid,19,vaccine,first,vaccine,administered,https,t.co,iivklxlpsj,
new,podcast,vaccinating,way,pandemic,larrybrilliant,peterhotez,amp,raysuareznews,discuss,https,t.co,zetygvrafp,
eric,shawn,vaccine,record,time,https,t.co,vu2awzlgjm,thanks,ericshawntv,arthelneville,al,https,t.co,qusldxgsax,
tedcruz,facts,senator,nice,respect,faith,tell,truth,pfizerbiontech,vaccine,dev,https,t.co,o0dfutckmc,
unitedstates,federal,aviation,administration,faa,said,saturday,approved,use,https,t.co,lyq594ueks,
vaccine,pfizervaccine,pfizerbiontech,vaccine,pfizer,100,transparent,https,t.co,i3aeccjacy,
coming,vaccine,soon,excited,covidvaccine,covid19,pfizervaccine,pfizerbiontech,maskup,https,t.co,njh8zsp1to,
beyond,relieved,share,i’ll,among,first,receive,covidvaccine,pfizerbiontech,thank,https,t.co,1py4juhgzu,
twitterpoll,dyk,uk,bahrain,canada,amp,usa,among,first,nations,approve,pfizerbiontech,https,t.co,lbm67ff3gh,
coronavirus,sputnikv,astrazeneca,pfizerbiontech,moderna,covid_19,russian,vaccine,created,last,2,4,years,https,t.co,dxbnrid3i1,
fascinating,see,messenger,rna,vaccine,delivery,approach,helped,enable,dramatically,shorter,time,https,t.co,tqcbcfgu9z,
realdonaldtrump,vaccine,discovered,developed,europe,turkish,german,husband,wife,covid19vaccine,https,t.co,rdrgnnn6ab,
tiffany,dover,alive,tiffanydover,pfizer,pfizerbiontech,pfizervaccine,vaccinoanticovid,chi_memorial,https,t.co,fn5uaoutno,
it’s,black,woman,giving,alright,pfizerbiontech,https,t.co,l0pctoxtbm,
that’s,indeed,sight,relief,saudi,health,minister,tfrabiah,showcased,sample,pfizerbiontech,vacci,https,t.co,gitymrcvjm,
manchesterhcc,dr_pwright,gmscnews,gm_hsc,gmec_scn,doctormkumar,mancitycouncil,andyburnhamgm,important,day,f,https,t.co,gheus61i4d,
it’ll,interesting,see,post,vaccine,birth,rates,next,winter,covid19,pfizerbiontech,
covid,vaccinated,sccm,hmethodistmd,covid19docs,vaccination,pfizerbiontech,coronavaccine,pfizer,https,t.co,q2wlw4kzri,
singapore,pfizerbiontech,volunteer,amp,16,immune,suppressant,takers,amp,pregnant,portal,booklet,kn,https,t.co,xavlpnbpu1,
moderna,vaccine,need,extra,special,handling,requirements,one,pfizer,includin,https,t.co,aluixdhvan,
mandated,anthrax,vaccine,killed,35k,us,soldiers,maimed,many,2,serious,adverse,reactions,https,t.co,rxdkhjws5y,
mrna,vaccines,teach,cells,make,protein,trigger,immune,response,without,using,live,vi,https,t.co,yv3klaipv5,
vaccine,special,triggers,immune,response,without,using,actual,virus,causes,covid,19,https,t.co,krwpvu7ttt,
healthcare,workers,receive,first,dosis,pfizer,biontech,covid,19,vaccine,memorial,healthcare,system,mir,https,t.co,0bukdoi6qp,
supplier,fosun,pharma,making,initial,payment,125,mil,year,end,50,million,doses,fmtnews,https,t.co,gsr2drfccn,
vaccine,rolled,week,several,countries,bringing,hope,scepticism,vaccine,https,t.co,ontovacqz1,
excited,received,first,part,pfizerbiontech,covidvaccine,today.impressive,resource,mobilization,https,t.co,0i3iqgxbr1,
1,000,jackson,employees,successfully,received,first,dose,pfizerbiontech,covid19,vacci,https,t.co,nvztmimobi,
something,interesting,learned,interview,b_kazaz,today,lot,chatter,https,t.co,sbmmjevpal,
usa,oklahoma,oklahoma,historic,day,govstitt,hannah,white,registered,nurse,integri,https,t.co,wg9m5romqw,
waiting,age,group,get,injected,canada,expect,happen,next,year,patie,https,t.co,qesgwzec9m,
turkey’s,death,toll,covid,19,rises,16,881,drfahrettinkoca,coronavirus,pfizerbiontech,sinovac,https,t.co,bpr79ydjv0,
getting,vaccinated,coronavaccine,pfizerbiontech,vaccination,mrna,covid19vaccine,pfizer,
pfizerbiontech,covidvaccine,effect,interact,person's,dna,dna,located,nucleus,o,https,t.co,lxnglwpilq,
vaccine,may,come,risks,thank,pfizer,pfizer,pfizervaccine,pfizerbiontech,pfizercovidvaccine,pfizercongress,
berlin,pressuring,brussels,license,pfizerbiontech,vaccine,christmas,https,t.co,htdjdpvzwv,
real,cool,boston,healthcare,covid19,vaccine,pfizer,pfizerbiontech,https,t.co,dtro5csnqt,
anyone,notice,vaccinations,nhs,picture,taken,video,actual,vaccination,becau,https,t.co,ndgsgwu95d,
usa,government,prepping,millions,doses,pfizerbiontech,coronavirus,vaccine,shipment,sites,https,t.co,yfmxe08dni,
moderna,covidvaccine,differ,pfizerbiontech,vaccine,answer,question,t,https,t.co,pzcqzzpya4,
mjmoore77,yvettedoc50,j_bagpuss,ellzsummary,fentonaw,oldburysally,docsandip,drneenajha,drpeterweeks1,https,t.co,qosob9mqro,
healthcareheroes,jackson,north,medical,center,getting,covid19,pfizerbiontech,vaccine,today,https,t.co,gmqdrbpyaa,
talking,human,lives,repeat,mistake,past,dengvaxia,jeopardized,many,lives,https,t.co,9sbzxloldn,
thrilled,receive,first,dose,covid,vaccine,today,vulnerable,people,visit,support,work,https,t.co,v5y2jumii9,
know,wearing,mask,around,others,staying,least,6,feet,away,avoiding,crowds,washing,hands,pr,https,t.co,a2by48ww28,
pharmacists,essential,easing,patient,concerns,safety,covid,19,vaccines,pfizer,bion,https,t.co,ftubflerwz,
happened,got,first,dose,pfizerbiontech,vaccine,today,best,holiday,present,ever,als,https,t.co,c7klokwd5p,
turkey’s,death,toll,covid,19,rises,16,881,drfahrettinkoca,coronavirus,pfizerbiontech,sinovac,https,t.co,6pffcfjgts,
first,give,covid19,vaccine,liberals,politicians,bureaucrats,scientists,bigpharma,pfizerbiontech,t,https,t.co,4s6ip4tcot,
pleased,get,pfizerbiontech,covid_19,vaccine,just,now,important,many,people,possi,https,t.co,ifzzpmrxf3,
first,dose,covid,vaccine,today,still,wear,ppe,still,socially,distant,least,https,t.co,seqtuizgwf,
9,course,people,want,make,sure,vaccine,take,safe,clinical,trial,data,available,f,https,t.co,ug5dd2d2un,
staff,applause,vaccines,rolled,towards,fridge,dhrhealth,krgv,pfizerbiontech,pfizer,https,t.co,z4cevdkcnu,
md,dr,susannah,thompson,pulling,stops,leading,magnificent,team,nhs,staff,amp,volunteers,tonight,https,t.co,ajkpiqfctj,
utswnews,starting,covid,vaccination,program,today,socially,distanced,staff,patiently,waiting,covidvaccine,https,t.co,slyzyc1i89,
i’m,just,honored,one,first,getting,vaccinated,protect,protect,loved,ones,gettin,https,t.co,uxm0ztaxpl,
proud,whole,team,today,bhrut_nhs,officially,started,vaccinating,everyone,worked,extremely,https,t.co,nnyxmlzmwk,
first,vaccine,shots,us,watch,video,https,t.co,mxbsjggk87,firstvaccineshots,covid,covid19,https,t.co,h8mk6nwbyu,
hey,pfizer,respect,covidvaccine,say,someone,gets,vaccinated,builds,antibodies,can,donate,https,t.co,3zqwjg3yuq,
despite,lebanon’s,dire,shortage,foreign,exchange,government,expects,sign,18,million,deal,suppl,https,t.co,4xoeqhzuoj,
pfizerbiontech,covidvaccine,contain,live,virus,vaccine,cause,covid19,disease,even,possible,
senategop,anesthesia,surgeries,19days,apart,pfizerbiontech,won’t,introduced,b,https,t.co,2p67eiyhjg,
really,good,thead,pfizerbiontech,mayoclinic,epidemiologist,https,t.co,zd2npkkdvj,
watch,live,jacksonhealth,system,news,conference,receiving,first,shipment,pfizerbiontech,covid,19,v,https,t.co,gzzdgr9uuv,
usa,nevada,umcsn,hospital,ceo,van,houweling,says,umc,nurse,1st,person,vaccinated,https,t.co,bdbgripzcr,
notwastingmyshot,4th,person,charleston,get,pfizerbiontech,covidvaccine,muschealth,id_musc,feel,https,t.co,ksjobecqvh,
hav,genuine,mancitycouncil,wythenshawe,place,manchester,southmanchester,deliverin,covidvaccine,https,t.co,bn5w46e9em,
year,2022,also,proudly,post,picture,eventually,receive,covid,vaccine,https,t.co,o1rabkpmy8,
little,vial,carries,much,scientists,worked,tirelessly,get,vaccinated,https,t.co,naisg3mpfz,
usa,westvirginia,wvu,medicine,received,shipments,pfizerbiontech,covid19,vaccine,amp,begun,o,https,t.co,4bp1quvskh,
ingredients,pfizer’s,covid,19,vaccine,mit,technology,review,vaccination,covidvaccine,pfizer,https,t.co,hyuzylcccn,
today,lucky,enough,get,vaccinated,covid19,just,patients,https,t.co,ahy9q5vgbq,
incredibly,grateful,received,pfizerbiontech,covidvaccine,osuwexmed,thanks,everyone,https,t.co,s40kcv8ahn,
save,best,last,pfizerbiontech,vaccine,covid19,stayhome,https,t.co,qrgjohdyrv,
canada,receiving,200,000,doses,pfizerbiontech,vaccine,next,week,amp,potentially,168,https,t.co,b7rwdxjruz,
cdcgov,can,stick,poison,vaccine,ass,novaccineforme,vaccinegenocide2020,pfizerbiontech,https,t.co,5t89vckulc,
grossly,unfair,absolutely,inevitable,first,dibs,vaccines,rich,countries,cleared,shelves,https,t.co,ygyyaz4ng0,
repnewhouse,lieslieslies,pfizerbiontech,affiliated,trumpublican,silly,star,trek,program,https,t.co,czf1secefl,
progress,last,meeting,emanews,december,21st,instead,december,29th,vaccine,https,t.co,dre01ahtx4,
brookearmymed,cov,id,identification,chips,similar,ones,put,dogs,certificate,validation,identi,https,t.co,adzrtc9ccd,
heard,drdavidnabarro,just,now,indiatoday,don’t,think,can,allow,parents,family,take,vac,https,t.co,bl3ykdcemw,
juice,loose,received,1st,dose,pfizer,biontech,vaccine,today,proud,medical,worker,th,https,t.co,gzhbxvwp6t,
heard,two,sources,two,parts,country,arrival,covid,vaccines,delayed,covid19,https,t.co,dq0tgisofc,
feeling,emotional,grateful,lucky,one,first,people,worcestershire,receive,vaccine,https,t.co,t8acfrm8iz,
jackmaxey1,realsamfaddis,cov,id,identification,chips,similar,ones,put,dogs,certificate,valid,https,t.co,r7hvivvljl,
majorpatriot,cov,id,identification,chips,similar,ones,put,dogs,certificate,validation,identif,https,t.co,3obrlg9scn,
drtedros,bts_twt,cov,id,identification,chips,similar,ones,put,dogs,certificate,validation,id,https,t.co,dojt9bmsr3,
justintrudeau,cov,id,identification,chips,similar,ones,put,dogs,certificate,validation,identi,https,t.co,h1jhqhycep,
3,million,doses,pfizerbiontech,covid,vaccine,set,reach,facilities,across,us,monday,m,https,t.co,ddlu6f79fd,
skynews,borisjohnson,need,least,talking,lockdown3,needed,asap,already,seeing,r,https,t.co,ij3gca7jwt,
now,pfizerbiontech,vaccinations,covid19,begin,muschealth,chsnews,abcnews4,https,t.co,dtm9mpzrb8,
infographic,fda,declared,possibility,seven,side,effects,pfizerbiontech,vaccine,read,https,t.co,sh0enxy5ei,
excited,muschealth,rolling,pfizerbiontech,covidvaccine,today,amazing,work,s,https,t.co,5xgkemp7nc,
pfizerbiontech,made,process,smooth,easy,step,way,able,communicate,st,https,t.co,vpvjvea41q,
academic,pharmacists,critical,easing,covid,19,vaccine,concerns,oksanapyzikucl,covidvaccine,pfizerbiontech,https,t.co,jhxdfqiacq,
senatemajldr,thanks,genius,immigrant,trump,amp,gop,despise,pfizerbiontech,drsahin,https,t.co,pqo5jn6rdn,
geoffreyknapper,rosiebarton,understand,concept,live,tweeting,covid19,related,update,press,https,t.co,shha8mlxnu,
another,covid19,vaccine,coming,us_fda,released,report,moderna,live,noon,kiro7seattle,w,first,va,https,t.co,xavi3ep73d,
new,strain,covid19,covid20,covid21,uk,pfizer,pfizerbiontech,astrazeneca,moderna,vaccination,https,t.co,avgwalm8y1,
staff,members,north,memorial,hospital,react,doses,pfizer,biontech,covid19,vaccine,delivered,ro,https,t.co,tmkh1fj5xo,
assume,secretspreader,post,vaccine,test,pos,neg,w,live,virus,amp,vax,tbd,covid19,https,t.co,gtngsh3yu1,
provided,short,summary,pfizer,biontech,publication,new,england,journal,medicine,vacc,https,t.co,wazqnzjmck,
20,1,return,investment,vaccines,yet,ukgovernment,removed,liability,drug,manufacturers,https,t.co,ixrcbdxx0t,
eu,hopes,vaccine,christmas,ema,regulator,moves,forward,assessment,pfizerbiontech's,jab,21,decem,https,t.co,gxtdufsxk8,
mygp,launch,england’s,first,digital,covid,19,vaccination,verification,feature,smartphones,covid19,https,t.co,oobytdnlbb,
systemic,reactions,reported,within,7,days,injection,dose,2,bnt162b2,data,https,t.co,mcpenffxch,
covid,19,new,york,nurse,gets,first,shots,coronavirus,vaccine,covidvaccine,sandralindsay,newyorkcity,https,t.co,ulwplhk7at,
polish,healthcare,worker,uk,become,first,polish,person,given,vaccine,covid,19,https,t.co,krle6k983z,
delighted,taxi,driver,today,take,gentleman,early,90,s,gp's,covid,vaccination,part,1,o,https,t.co,3pztcoym6d,
update,eu's,medicines,regulator,ema,tuesday,dramatically,advanced,decision,day,https,t.co,i928tblzk5,
ottawa,county,calhoun,county,already,preparing,administer,entire,first,shipment,includes,97,https,t.co,cqwerzuqyn,
maga_trump2020,roguesquadkat,realdonaldtrump,vision,immigrant,kind,diaperdonnie,hates,https,t.co,t0csuzsp6r,
getting,ready,go,bbcworld,segment,pfizerbiontech,covidvaccine,discuss,myths,
lebanon,due,sign,contract,week,shipments,covid19,vaccine,pfizerbiontech,obta,https,t.co,qvjdp2njsq,
ready,go,joined,fordnation,launch,covidvaccine,pfizerbiontech,clinic,uhn,incredible,teamuhn,https,t.co,y6zne7m7ko,
time,dance,lt,3,covidvaccine,pfizerbiontech,coronavaccine,pandemicbegone,https,t.co,o2jaqslgkx,
ema's,human,medicines,committee,experts,now,scheduled,21,december,conclude,possible,https,t.co,kkuhx9dm6y,
meeting,review,possibly,approving,biontech,pfizer,vaccine,use,europe,bumped,dec,https,t.co,as0dvmnp8x,
drtonyleachon,ralphrecto,government,insisting,sinovac,fact,less,efficacy,safety,wors,https,t.co,t5bspui7vt,
video,elderly,patients,isle,sheppey,become,first,vaccinated,coronavirus,https,t.co,08thn2uacv,
wonder,hell,ema,members,meet,christmas,must,wait,29,dec,sur,https,t.co,ndjpzgcdiy,
ummmm,lorettohospital,1st,receive,covid,19,vaccine,black,latino,community,https,t.co,kxar7kfifk,
praising,responsible,covid19vaccine,trump,whoever,give,credit,credi,https,t.co,xiwpo3mcwk,
bravo,anita,dedication,hard,work,taking,care,seniors,ltc,psw,covid19,vaccine,https,t.co,urhjac6cdo,
dry,ice,poured,box,containing,pfizerbiontech,covid19,vaccine,prepared,shipped,th,https,t.co,pji14t8q42,
vaccine,anyone,taking,coz,bro,asked,liked,answer,https,t.co,ufdcagd9ae,
one,one,go,excellent,vaccination,service,worcsacutenhs,thank,covidvaccine,https,t.co,9fiupld66y,
vaccinated,pfizerbiontech,covid19,
celebrity,cook,bakeoff,presenter,prueleith,getting,new,covid,vaccine,west,oxfordshire,today,https,t.co,yhxemmbmf5,
it’s,great,day,science,pfizerbiontech,
ani,new,vaccine,similar,pfizervaccine,can,normal,cold,chain,suffice,looks,like,pfizer,https,t.co,scb8mhffsv,
interim,clinical,considerations,use,pfizer,biontech,covid,19,vaccine,cdc,pfizerbiontech,vaccine,covid19,https,t.co,mhlzg3espt,
guide,can,safely,get,pfizer,biontech,covid,19,vaccine,pfizerbiontech,covid19,vaccine,safety,https,t.co,nez9ygl2ia,
option,c,paul,vaccine,toxic,unsafe,pmlive,pmonair,auspol,antivaccine,covid_19,sarscov2,https,t.co,yr6yrgvwom,
first,covid,19,vaccination,new,york,lev,radin,covidvaccine,biontech,pfizervaccine,pfizerbiontech,https,t.co,alvjpp0uel,
pfizerbiontech,covid19vaccine,vial,contains,5,doses,just,caught,glimpse,one,vial's,label,https,t.co,5qp2ttvzzj,
canada,become,third,nation,world,administer,pfizerbiontech,vaccine,starting,covid19,https,t.co,tvbiorezbp,
iran,just,refused,receive,pfizerbiontech,vaccine,covid,19,know,just,fa,https,t.co,dp1o2mnk8o,
padsbigsis,grandpcn,drmandipthiara,jim_reed,thanks,becky,indeed,learning,together,rich_pratt,ou,https,t.co,69d6xgqn04,
13,gp,practices,leicestershire,among,first,get,pfizerbiontech,jab,starts,rolled,ou,https,t.co,cyczzufl7z,
gps,region,start,administering,coronavirus,pfizerbiontech,vaccine,today,https,t.co,qvx3rwacxt,
realdonaldtrump,presssec,bekindhavehope,congratulations,german,migrants,scientists,pfizerbiontech,biontech,https,t.co,y5rwvghog8,
pash22,pfizer,enirenberg,sharing,pash22,extensive,analysis,pfizerbiontech,vaccine,safety,profile,b,https,t.co,xkrhbdrkrs,
sharing,pash22,extensive,analysis,pfizerbiontech,vaccine,safety,profile,bottom,line,safe,eg,https,t.co,co5ikb9czn,
majority,gps,england,start,delivering,pfizerbiontech,coronavirus,vaccine,local,commun,https,t.co,x3dppfvkt6,
covid19,us,canada,began,vaccination,drive,coronavirus,pfizerbiontech,doses,monda,https,t.co,st1ymfid8v,
wasn’t,jennifer,haller,first,person,usa,given,trial,vaccine,given,time,person,year,https,t.co,e0vxo9r02w,
1st,country,inoculated,pfizerbiontech,covid19vacccine,makes,sing,mann's,world,https,t.co,igwitqmy9r,
take,breath,celebrate,happened,today,democracy,won,constitution,won,pfizerbiontech,gave,us,hope,https,t.co,w3mdtevk26,
first,dose,covid,19,vaccine,given,black,nurse,new,york,https,t.co,ngcpskrsrg,via,youtube,https,t.co,svhyoa18r5,
now,bhakts,around,world,also,boycott,covid19vaccine,developed,pfizerbiontech,zoo_bear,https,t.co,igtuww5s2h,
first,doses,coronavirus,vaccine,administered,canada,following,us,uk,us,uk,canada,https,t.co,kn83eie0ar,
nstworld,sandralindsay,critical,care,nurse,long,island,jewish,medical,center,received,https,t.co,acqmlwhrt6,
victory,day,science,us,canada,start,mass,covid,19,vaccination,drive,coronavirusvaccine,https,t.co,srzmtdgiv4,
wonderer,whether,covid,vaccine,producers,inc,chinese,ones,also,getting,full,indemnity,governme,https,t.co,aubitmtfgo,
scheduled,covid19,vaccine,today,cardiotwitter,pfizerbiontech,pfizervaccine,https,t.co,xzlwrz28xo,
covidvaccine,facts,43,000,participated,pfizerbiontech,trial,fda,approved,emergen,https,t.co,zgu9oq9x9b,
just,coronavirusvaccine,update,need,know,pfizerbiontech,pfizervaccine,https,t.co,6cl8oitocd,
clearly,may,beginning,end,sense,nevertheless,end,pande,https,t.co,vjd5lsjmqm,
new,york,us,monday,inoculated,first,healthcare,worker,pfizerbiontech,covid19,vaccine,youtube,https,t.co,6uctmrsxrt,
monday,raymond,pla,anesthesiologist,one,five,front,line,workers,george,washington,university,hos,https,t.co,osxzphi7ar,
photo,pinned,everyone’s,information,government,pushing,get,sinovac,way,https,t.co,ps7szcr3kf,
canada,among,first,line,pfizerbiontech,vaccine,cdnpoli,cbc,ctv,https,t.co,1ntjhjlnax,https,t.co,3ux41flg83,
vaccines,arrived,ab,mum,isolation,10,days,18,residents,sick,2,passed,away,https,t.co,7izvrlexpc,
vaccines,covid19,ingredients,pfizervaccine,pfizerbiontech,https,t.co,y1rd2duonk,
two,mrna,based,vaccines,pfizerbiontech,received,us_fda,cdcgov,approval,moderna,nih,vac,https,t.co,lawmjezcku,
metamorf_us,datanami,model,predict,number,lives,saved,pfizerbiontech,vaccine,end,year,
correction,anita,quidangen,toronto,1st,person,ontario,get,pfizerbiontech,vaccine,https,t.co,hetthntrbl,
i’m,sure,nobody,object,pfizer,ceo,getting,take,vaccine,first,prefer,take,1,https,t.co,isv2qmnkoa,
ready,tomorrow,starting,ms,quidangen,first,canadian,receive,covidvaccine,uhn,ready,https,t.co,m2ckzfa0ap,
liberal_party,pfizerbiontech,liabilities,pfizervaccine,untested,pfizer,ccp,infiltration,https,t.co,hzvspm98dw,
offguardian0,reading,pfizer,phase,iii,details,concluded,vaccine,immunize,death,https,t.co,uwkmdvwa4x,
reading,pfizer,phase,iii,details,concluded,vaccine,immunize,death,certificates,https,t.co,jlv1jf12oy,
breaking,last,big,apple,u,saved,1st,vaccination,u.s,given,new,york,hard,hit,outbreak’s,fi,https,t.co,lybybh76yk,
abcworldnews,abc,lot,unknown,vaccines,impact,models,saying,based,https,t.co,crzlg223jg,
abcworldnews,abc,please,share,latest,case,death,projections,due,covid,using,forecast,model,acc,https,t.co,qhhixc1ojp,
fordnation,fraudnation,light,end,tunnel,wish,pfizerbiontech,vaccine,lu,https,t.co,xdkgwntu0g,
delighted,pfizerbiontech,vaccine,packed,dry,ice,heading,around,world,though,make,https,t.co,iadz5c9a8s,
drannemurphy,unlike,giving,mrna,vaccine,pregnant,woman,drsdeg,pretlovesam,amp,also,allerg,https,t.co,oplqwsmu9n,
foxnews,marthamaccallum,trump,nothing,pfizerbiontech,
canada,1st,pfizerbiontech,covid19,vaccine,canada,administered,personal,support,worker,anita,q,https,t.co,xouzkgu4zu,
iranians,now,using,hashtag,واکسن_بخرید,means,buy,vaccine,one,saddest,hashtags,ever,https,t.co,tkxtfggino,
months,fighting,covid,icu,grateful,always,ppe,keep,covid,free,relief,getti,https,t.co,4u14q8vcqv,
getting,covidvaccine,island,guam,today,first,day,giving,vaccines,front,liner,https,t.co,ixdrm5zxeh,
san,bernardino,county,arrowheadrmc,began,administering,first,doses,pfizerbiontech,covid19,vaccine,https,t.co,fwjr69mrzc,
health,worker,alaska,severe,reaction,pfizer,vaccine,coronavirusde,uklockdown,pfizervaccine,https,t.co,yklp3jr2kd,
pvd,post,vaccine,day,2,side,effects,covidvaccine,pfizerbiontech,
little,24,h,pfizerbiontech,covidvaccine,lucky,say,symptoms,unless,extra,ene,https,t.co,lrpkvxhsqq,
realdonaldtrump,takes,credit,chinese,providing,covid19,genetic,sequencing,pfizerbiontech,rejecting,f,https,t.co,l9sqey4a12,
today,aimed,higher,broke,record,jackson,administered,1,278,pfizerbiontech,vaccinations,bringing,o,https,t.co,pidtky8n7g,
lots,rumors,going,around,pfizerbiontech,covidvaccine,affect,women,childbearing,age,s,https,t.co,mrnsilutfo,
fact,sheet,recipients,pfizerbiontech,vaccine,case,line,one,w,https,t.co,h3hfl0xxqj,
there’s,light,end,tunnel,proud,incredible,teamwork,went,making,possible,https,t.co,ugybp2cddn,
snow,storm,nyc,pandemic,weather,newyork,snowing,winter,darkwinter,vaccinated,pfizerbiontech,https,t.co,ww2sd8eqfr,
nstworld,health,worker,alaska,suffered,serious,allergic,reaction,getting,pfizerbiontech's,covid19,https,t.co,tuvb7pismt,
dr,siegel,historic,day,science,battle,covid,19,fox,news,video,americanewsroom⁩,https,t.co,xj64y9xkko,
calling,health,care,professionals,offered,one,extra,doses,pfizerbiontech,vaccine,tha,https,t.co,cl36tfinfg,
yes,got,covid19,vaccine,tonight,i’m,flexing,grateful,receive,pfizerbiontech,https,t.co,lea0dm3oze,
calling,health,care,professionals,offered,one,extra,doses,pfizerbiontech,vaccine,th,https,t.co,rjhdurx9jp,
icu,nurse,sonya,harrell,receives,first,dose,pfizerbiontech,covid19vaccine,san,bernardino,county,https,t.co,gwfrvoouzl,
don’t,effin,vaccine,pfizerbiontech,pfizer,covidvaccine,covid19,https,t.co,pu1vutrwne,
younger,brother,salikaleemmd,frontline,covid19,icu,fellow,carilionclinic,getting,first,shot,o,https,t.co,m0y5scrnum,
desuetudine,nytimes,knew,lots,licking,going,treasury,bingham,accused,wasting,bi,https,t.co,5zafecybbe,
24,new,covid19,deaths,bc,province,reports,640,new,cases,9,950,active,cases,bc,new,type,measu,https,t.co,htz9xvbjvb,
pfizer’s,experimental,covid,19,vaccine,you’re,told,now,ever,desperat,https,t.co,c07cvhnugm,
honor,today,speak,importance,rollout,pfizerbiontech,covid19vaccine,https,t.co,mbl4obm6dh,
